Track URI,Track Name,Album Name,Artist Name(s),Release Date,Duration (ms),Popularity,Explicit,Added By,Added At,Genres,Record Label,Danceability,Energy,Key,Loudness,Mode,Speechiness,Acousticness,Instrumentalness,Liveness,Valence,Tempo,Time Signature
spotify:track:6w7OpHp3Y3ByHzmfQXYCRN,"Hang Tight Honey","Hang Tight Honey","Lainey Wilson",2024-05-13,189786,62,false,jolietjakeblues64,2026-09-01T06:18:32Z,"country","Broken Bow Records",0.494,0.956,0,-4.67,1,0.0729,0.0266,0.0000358,0.665,0.772,171.977,4
spotify:track:6Lmx6bz3PGYuNSjKMnYBOa,"Heads Carolina, Tails California","Jo Dee Messina","Jo Dee Messina",1996-04-02,208306,76,false,jolietjakeblues64,2026-09-01T06:18:32Z,"country,classic country","Curb Records",0.607,0.815,4,-6.619,1,0.039,0.0471,0.0000281,0.111,0.57,136.949,4
spotify:track:1hU6VCSCtdRfdRE6t9iFKE,"Hello Friday","Hello Friday","Sheyna Gee",2024-04-05,200320,40,false,jolietjakeblues64,2026-09-01T06:18:32Z,"","songs that dont suck",0.6,0.814,1,-4.223,1,0.0308,0.0076,0,0.104,0.588,100.512,4
spotify:track:3RhIr13WoF4NnlphyR7Qiz,"Coffee Days and Whiskey Nights","Coffee Days and Whiskey Nights","Robynn Shayne",2018-03-02,165573,34,false,jolietjakeblues64,2026-09-01T06:18:32Z,"texas country,red dirt","Robynn Shayne",0.57,0.721,0,-5.857,1,0.0395,0.397,0.0000107,0.218,0.887,163.97,4
spotify:track:3EispfpMjjDs4z4oP0AX9Z,"Beer Money - Live From Soundcheck","Up All Night (Deluxe)","Kip Moore",2015-02-16,241160,23,false,jolietjakeblues64,2026-09-01T06:18:32Z,"country","MCA Nashville",0.645,0.766,2,-7.052,1,0.0298,0.0242,0.000665,0.0978,0.695,125.97,4
spotify:track:3XeCnjiyQkjKSNQtTDOidA,"cowboy friends","hungover","Ella Langley",2024-08-02,178666,58,false,jolietjakeblues64,2026-09-01T06:18:32Z,"country","SAWGOD/Columbia",0.601,0.718,9,-4.745,1,0.0374,0.136,0,0.115,0.294,112.024,3
spotify:track:2PyJAiQjp1OPkow2FJZKHR,"you look like you love me (feat. Riley Green)","hungover","Ella Langley;Riley Green",2024-08-02,224280,86,false,jolietjakeblues64,2026-09-01T06:18:32Z,"country","SAWGOD/Columbia",0.663,0.675,11,-5.851,1,0.0321,0.353,0,0.21,0.455,128.942,4
spotify:track:1WzAeadSKJhqykZFbJNmQv,"Your Man","Your Man","Josh Turner",2006,211893,80,false,jolietjakeblues64,2026-09-01T06:18:32Z,"country,christelijke country","MCA Nashville",0.743,0.636,6,-4.483,1,0.0241,0.333,0.000216,0.0696,0.784,100.511,4
spotify:track:2vubFQgAJO5SeuVa7ytIHc,"Wilder Days","Reckless","Morgan Wade",2021-03-19,251298,64,false,jolietjakeblues64,2026-09-01T06:18:32Z,"","Ladylike Records/Arista Nashville",0.502,0.662,9,-4.041,1,0.0293,0.00322,0.00274,0.119,0.4,110.917,4
spotify:track:5DIBVDJOHh7djepAjKHWCO,"Heart Like A Truck","Bell Bottom Country","Lainey Wilson",2022-11-28,199040,77,false,jolietjakeblues64,2026-09-01T06:18:32Z,"country","Broken Bow Records",0.587,0.632,9,-5.416,1,0.0311,0.148,0.0000101,0.158,0.392,139.974,4
spotify:track:3NQ7VsDlrwj8rHyv0EJzTi,"Something More","Twice The Speed Of Life","Sugarland",2004-01-01,216733,0,false,jolietjakeblues64,2026-09-01T06:18:32Z,"country","Universal Music Group",0.613,0.857,4,-4.46,1,0.0545,0.29,0,0.113,0.349,102.261,4
spotify:track:1ksaL982agSeYAAUQlYrx5,"Waxahachie","Palomino","Miranda Lambert",2022-04-29,209773,41,false,jolietjakeblues64,2026-09-01T06:18:32Z,"country","Vanner Records/RCA Records Label Nashville",0.589,0.762,7,-6.213,1,0.0422,0.118,0.000122,0.102,0.738,135.9,4
spotify:track:65DbTqJKhbwqYbZ1Okr0rc,"Choosin' Texas","Choosin' Texas","Ella Langley",2025-10-17,232226,92,false,jolietjakeblues64,2026-09-01T06:18:32Z,"country","SAWGOD/Columbia",0.683,0.78,1,-4.74,1,0.031,0.00939,0,0.194,0.486,112.027,4
spotify:track:2eI0A3bzj0PGZTpJLi2OKq,"Who Says You Can't Go Home - Duet with Jennifer Nettles of Sugarland Version","Have A Nice Day","Bon Jovi;Jennifer Nettles",2005-09-20,230280,0,false,jolietjakeblues64,2026-09-01T06:18:32Z,"glam-metal","Universal Music Group",0.537,0.885,7,-3.641,1,0.0343,0.0437,0,0.274,0.802,131.698,4
spotify:track:6Lv9BpwS6HyBrZWPKjIn35,"Somebody Like You - Live at Live 8, Benjamin Franklin Parkway, Philadelphia, 2nd July 2005","Live 8 (Live, July 2005)","Keith Urban",2019-05-28,336706,26,false,jolietjakeblues64,2026-09-01T06:18:32Z,"country","The Band Aid Trust",0.562,0.882,9,-8.889,1,0.0488,0.00511,0.112,0.96,0.46,111.023,4
spotify:track:39HFKh08mU0aktj9UulRnY,"Jolene - Live","ATTENTION: MILEY LIVE","Miley Cyrus",2022-04-29,266989,68,false,jolietjakeblues64,2026-09-01T06:18:32Z,"","Columbia",0.431,0.783,10,-5.879,1,0.14,0.0181,0,0.836,0.416,107.861,4
spotify:track:7GswRwV5zQcMsys9niOQ87,"I Feel Lucky","Come On Come On","Mary Chapin Carpenter",1992-06-20,211226,54,false,jolietjakeblues64,2026-09-01T06:18:32Z,"classic country","Columbia",0.836,0.829,6,-5.259,0,0.0503,0.405,0.00000382,0.117,0.91,120.096,4
spotify:track:4suMmDbz5QY4jYWYSa3JZp,"Luckiest S.O.B.","Jalopies & Expensive Guitars","Ashley McBryde",2016-03-11,255373,37,false,jolietjakeblues64,2026-09-01T06:18:32Z,"country","Road Life Records",0.218,0.749,9,-5.162,1,0.047,0.0274,0,0.307,0.494,174.991,3
